[
{"Categorie":"Rosiers","Produit":"Rose Rouge","Photo":"Rose_rouge.jpg","Reference":"r01","Description":"1 pied sp\u00e9cial \"grandes fleurs\"","Prix":20,"Stock":10},
{"Categorie":"Rosiers","Produit":"Rose Rouge","Photo":"Rose_rouge.jpg","Reference":"r01","Description":"1 pied sp\u00e9cial \"grandes fleurs\"","Prix":20,"Stock":10},
{"Categorie":"Rosiers","Produit":"Rose Rose","Photo":"Rose_rose.jpg","Reference":"r02","Description":"1 pied sp\u00e9cial \"grandes fleurs\"","Prix":20,"Stock":15},
{"Categorie":"Rosiers","Produit":"Rose Rose","Photo":"Rose_rose.jpg","Reference":"r02","Description":"1 pied sp\u00e9cial \"grandes fleurs\"","Prix":20,"Stock":15},
{"Categorie":"Rosiers","Produit":"Rose Rose","Photo":"Rose_rose.jpg","Reference":"r02","Description":"1 pied sp\u00e9cial \"grandes fleurs\"","Prix":20,"Stock":15}
]